Country,Agreement,Signing_date,Signing_date,Focus_area,Source
Australia,United States-Australia Framework for Securing of Supply in the Mining and Processing of Critical Minerals and Rare Earths,20-Oct-25,2025-10-20,"Joint mining, processing, refining; defense and clean energy applications.",https://www.whitehouse.gov/briefings-statements/2025/10/united-states-australia-framework-for-securing-of-supply-in-the-mining-and-processing-of-critical-minerals-and-rare-earths/
China,Strategic Agreement on Rare Earth Export Controls,30-Oct-25,2025-10-30,Pause on Chinese export controls in exchange for United States trade concessions.,https://apnews.com/article/trump-trade-tariffs-china-deadline-ad2c003e9a709a1dfdfc9a9fd3798baf
Indonesia,Joint Statement on Framework for United States-Indonesia Agreement on Reciprocal Trade,22-Jul-25,2025-07-22,"Removal of export restrictions, including critical minerals.",https://www.whitehouse.gov/briefings-statements/2025/07/joint-statement-on-framework-for-united-states-indonesia-agreement-on-reciprocal-trade/
Japan,Critical Minerals Agreement ,28-Mar-25,2025-03-28,"Electric vehicle battery minerals (lithium, cobalt, nickel, graphite, manganese).",https://www.congress.gov/crs-product/IF12517
Japan,United States-Japan Framework for Securing the Supply of Critical Minerals and Rare Earths through Mining and Processing,27-Oct-25,2025-10-27,"Mining, processing, supply chain diversification.",https://www.whitehouse.gov/briefings-statements/2025/10/united-states-japan-framework-for-securing-the-supply-of-critical-minerals-and-rare-earths-through-mining-and-processing/
Japan and Republic of Korea,Trilateral Cooperation ,23-Aug,2025-09-23,Cooperation on critical minerals.,https://www.state.gov/releases/2025/09/joint-statement-from-the-trilateral-meeting-of-the-united-states-of-america-japan-and-the-republic-of-korea-in-new-york-city/
Malaysia,Memorandum of Understanding Between the Government of the United States and the Government of Malaysia Concerning Cooperation to Diversify Global Critical Mineral Supply Chains and Promote Investments,26-Oct-25,2025-10-26,"Supply chain diversification, investment promotion.",https://www.whitehouse.gov/briefings-statements/2025/10/memorandum-of-understanding-between-the-government-of-the-united-states-of-america-and-the-government-of-malaysia-concerning-cooperation-to-diversify-global-critical-minerals-supply-chains-and-promote/
Philippines,Reciprocal Trade Framework,25-Feb,2025-02,Cooperation on critical minerals with a focus on nickel.,https://ustr.gov/countries-regions/southeast-asia-pacific/philippines
Thailand,Memorandum of Understanding Between the Government of the United States of America and the Government of the Kingdom of Thailand Concerning Cooperation to Diversify Global Critical Minerals Supply Chains and Promote Investment,26-Oct-25,2025-10-26,"Supply chain diversification, investment promotion.",https://www.whitehouse.gov/briefings-statements/2025/10/memorandum-of-understanding-between-the-government-of-the-united-states-of-america-and-the-government-of-the-kingdom-of-thailand-concerning-cooperation-to-diversify-global-critical-minerals-supply-cha/
